optimizer,regime_label,num_runs,valid_fraction,mean_filtered_exact_gap,std_filtered_exact_gap,mean_physics_score,mean_fidelity_to_exact,mean_symmetry_breaking_error,mean_observable_error_l2,mean_cost_standard_error,mean_measurement_total_standard_error,mean_estimated_total_shots_used,mean_transpiled_depth,mean_transpiled_two_qubit_gate_count,mean_zne_mitigation_gain,fragility_slope_vs_gate_error,behavior_risk_score,raw_win_count,physics_win_count,budget_win_count
COBYLA,near_critical,18,0.2222222222222222,2.912936670602536,1.5270160126236958,3.481529239173316,0.32755050087811305,0.2359000154653846,0.38717015056004206,0.06264910157007553,0.06264910157007553,73045.33333333333,7.333333333333333,5.333333333333333,0.0,51.381295055090746,3.5024122730300076,18,18,18
COBYLA,strong_field,18,0.2222222222222222,3.8030509999466924,1.9414600481610012,4.365576445074119,0.34718964752436215,0.2315559548538104,0.3976541416792218,0.0816717620592955,0.0816717620592955,73045.33333333333,7.333333333333333,5.333333333333333,0.0,66.43228996885794,4.39280036576055,18,18,18
COBYLA,weak_field,18,0.2222222222222222,2.267922742487183,1.3981859887168577,2.7964694696762824,0.3099059231583138,0.22739991043267258,0.29498762529501804,0.04620652191275459,0.04620652191275459,73045.33333333333,7.333333333333333,5.333333333333333,0.0,50.88765641237898,2.811871643647201,18,18,18
