optimizer,regime_label,num_runs,valid_fraction,mean_filtered_exact_gap,std_filtered_exact_gap,mean_physics_score,mean_fidelity_to_exact,mean_symmetry_breaking_error,mean_observable_error_l2,mean_cost_standard_error,mean_measurement_total_standard_error,mean_estimated_total_shots_used,mean_transpiled_depth,mean_transpiled_two_qubit_gate_count,mean_zne_mitigation_gain,fragility_slope_vs_gate_error,behavior_risk_score,raw_win_count,physics_win_count,budget_win_count
COBYLA,near_critical,18,0.2222222222222222,2.9518179920590923,1.5483387779084894,3.4981222599928135,0.33236559412237626,0.22314093129945323,0.4000896213392596,0.06288682605480608,0.06288682605480608,73045.33333333333,7.333333333333333,5.333333333333333,0.0,58.278463277048814,3.5190845353444153,18,18,18
COBYLA,strong_field,18,0.2222222222222222,3.7558249939639543,1.968493653861763,4.291562343556317,0.35773508872955684,0.2161851878793315,0.41346789533479883,0.08171835531299562,0.08171835531299562,73045.33333333333,7.333333333333333,5.333333333333333,0.0,67.67856896127981,4.318801795327316,18,18,18
COBYLA,weak_field,18,0.2222222222222222,2.26051133893447,1.3832384789695609,2.746159735610653,0.32258846501425703,0.20604350504225846,0.29424554636666406,0.04659418218206413,0.04659418218206413,73045.33333333333,7.333333333333333,5.333333333333333,0.0,50.6344372458829,2.7616911296713407,18,18,18
