ansatz,regime_label,num_runs,valid_fraction,mean_filtered_exact_gap,std_filtered_exact_gap,mean_physics_score,mean_fidelity_to_exact,mean_symmetry_breaking_error,mean_observable_error_l2,mean_cost_standard_error,mean_measurement_total_standard_error,mean_estimated_total_shots_used,mean_transpiled_depth,mean_transpiled_two_qubit_gate_count,mean_zne_mitigation_gain,fragility_slope_vs_gate_error,behavior_risk_score,raw_win_count,physics_win_count,budget_win_count
problem_inspired,near_critical,4,0.0,5.405603108110953,1.0770145743884285,6.263645605822446,0.08725291888157333,0.3604997463700709,0.548172019885404,0.5184109733472426,0.5184109733472426,896.0,14.5,16.0,0.15624999999999978,92.01629462733524,6.522851092496067,12,12,12
problem_inspired,strong_field,4,0.0,7.9606283821322315,1.7088057040092497,8.847369890980891,0.05477853337725937,0.3604997463700708,0.6629680644340681,0.6766964280923764,0.6766964280923764,896.0,14.5,16.0,0.10937499999999997,-67.14275140441598,9.185718105027078,12,12,12
problem_inspired,weak_field,4,0.0,4.257906415775073,1.0981934171287915,5.098156459708137,0.0719812547303101,0.36049974637007076,0.47700220477168764,0.4231821380741575,0.4231821380741575,896.0,14.5,16.0,-0.03906250000000002,-1.583987821069499,5.309747528745215,12,12,12
